app_id,genre
10,Action
100,Action
10090,Action
1016920,Action
1016920,Casual
1016920,Indie
1017180,Action
1017180,Adventure
1017180,Casual
1017180,Indie
1017180,Simulation
1017180,Early Access
10180,Action
10190,Action
102500,Action
102500,RPG
102600,Action
102600,Indie
102600,Strategy
1029690,Action
1029690,Adventure
1030830,Action
1030830,Adventure
1030840,Action
1030840,Adventure
1044720,Indie
1044720,Simulation
1044720,Strategy
1044720,Early Access
1046930,Casual
1046930,Strategy
1046930,Free To Play
1049410,Action
1049410,Adventure
1049590,Indie
1049590,Strategy
1049590,Free To Play
10500,Strategy
105450,Simulation
105450,Strategy
105600,Action
105600,Adventure
105600,Indie
105600,RPG
1056640,Action
1056640,Massively Multiplayer
1056640,RPG
1056640,Free To Play
1056960,Action
1057090,Action
1057240,Action
1057240,Free To Play
1058020,Action
1061910,Action
1061910,Adventure
1063730,Action
1063730,Adventure
1063730,Massively Multiplayer
1063730,RPG
10680,Action
107100,Action
107100,Indie
107100,RPG
107410,Action
107410,Simulation
107410,Strategy
1085660,Action
1085660,Adventure
1085660,Free To Play
108600,Indie
108600,RPG
108600,Simulation
108600,Early Access
1086940,Adventure
1086940,RPG
1086940,Strategy
108710,Action
108710,Adventure
108800,Action
1089090,Action
1089350,Simulation
1089350,Sports
1089980,Adventure
1089980,Casual
1089980,Indie
1091500,RPG
1092790,Adventure
1092790,Indie
1092790,Strategy
1094520,Adventure
1094520,Indie
1094520,RPG
1094520,Strategy
109600,Action
109600,Adventure
109600,Massively Multiplayer
109600,RPG
109600,Free To Play
1097150,Action
1097150,Casual
1097150,Indie
1097150,Massively Multiplayer
1097150,Sports
1100600,Simulation
1100600,Sports
11020,Racing
110800,Adventure
110800,Strategy
1113000,RPG
1116170,Action
1116170,Adventure
1116170,Indie
1116170,RPG
1118200,Action
1118200,Casual
1118200,Indie
1118200,Simulation
1128810,Casual
1128810,Strategy
1128810,Free To Play
1129580,Action
1129580,Adventure
1129580,Indie
1129580,RPG
1129580,Simulation
113020,Action
113020,Adventure
113020,Casual
113020,Indie
113020,Strategy
113200,Action
113200,Adventure
113200,Indie
113200,RPG
113400,Action
113400,Massively Multiplayer
113400,Free To Play
113420,Free To Play
113420,Massively Multiplayer
113420,RPG
1139900,Action
1142710,Action
1142710,Strategy
1144200,Action
1144200,Adventure
1144200,Indie
1145350,Action
1145350,Indie
1145350,RPG
1145350,Early Access
1145360,Action
1145360,Indie
1145360,RPG
1147550,Adventure
1147550,Indie
1147550,Simulation
1147560,Action
1147560,Indie
1150690,Adventure
1150690,Indie
1150690,RPG
1151340,RPG
1151640,Action
1151640,Adventure
1151640,RPG
115300,Action
1158310,RPG
1158310,Simulation
1158310,Strategy
1167630,Action
1167630,Indie
1167630,Simulation
1167630,Strategy
1172380,Action
1172380,Adventure
1172470,Action
1172470,Adventure
1172470,Free To Play
1172620,Action
1172620,Adventure
1174180,Action
1174180,Adventure
1178830,Action
1178830,Indie
1184370,Action
1184370,Adventure
1184370,Indie
1184370,RPG
1184370,Strategy
1190000,Racing
1190000,Simulation
1196590,Action
1203220,Action
1203220,Adventure
1203220,Massively Multiplayer
1203620,Action
1203620,Adventure
1203620,Indie
1203620,RPG
1203620,Early Access
12100,Action
12110,Action
1211020,Action
1211020,Adventure
1211020,Casual
1211020,Indie
1211020,Simulation
1211020,Early Access
12120,Action
1213210,Strategy
1217060,Action
1217060,Adventure
1217060,Indie
1217060,RPG
12200,Action
12200,Adventure
12210,Action
12210,Adventure
12220,Action
1222140,Action
1222140,Adventure
1222670,Adventure
1222670,Casual
1222670,Simulation
1222670,Free To Play
1222680,Action
1222680,Adventure
1222680,Racing
1222680,Sports
1222700,Action
1222700,Adventure
1222700,Indie
1225330,Simulation
1225330,Sports
1229490,Action
1229490,Indie
1229490,Early Access
1237950,Action
1237950,Adventure
1237970,Action
1238810,Action
1238820,Action
1238840,Action
1238840,Massively Multiplayer
1238860,Action
1240440,Action
1240440,Free To Play
1241100,Action
1241100,Indie
1241100,Massively Multiplayer
1241100,Free To Play
1241100,Early Access
1245620,Action
1245620,RPG
1248130,Simulation
1250410,Simulation
1254120,Action
1254120,Massively Multiplayer
1254120,RPG
1254120,Free To Play
1259420,Action
1259420,Adventure
1260320,Action
1260320,Casual
1260320,Indie
1262350,Action
1262350,Adventure
1262350,Indie
1262580,Action
1262580,Adventure
1262580,Racing
1262580,Sports
1262580,Strategy
1263850,Simulation
1263850,Sports
1266680,Adventure
1266680,Indie
1272080,Action
1272080,Adventure
1272080,RPG
1274570,Indie
1277400,Adventure
1277400,RPG
1282100,Action
1282100,Adventure
1282100,RPG
1282730,Indie
1282730,RPG
1282730,Strategy
1284190,Adventure
1284210,Adventure
1284210,Massively Multiplayer
1284210,RPG
1284210,Free To Play
1284410,RPG
1284410,Strategy
1284410,Free To Play
1286680,Action
1286680,Adventure
1286680,RPG
1286830,Massively Multiplayer
1286830,RPG
1286830,Free To Play
1289310,Adventure
1289310,Free To Play
1289310,Indie
1290000,Casual
1290000,Indie
1290000,Simulation
1293830,Racing
1296830,Action
1296830,Adventure
1296830,Indie
1296830,RPG
130,Action
1304930,Action
1304930,Adventure
1304930,Indie
1307550,Action
1307550,Adventure
1307550,Indie
1307550,RPG
1307550,Early Access
1313140,Action
1313140,Adventure
1313140,Indie
1313140,Strategy
1313860,Simulation
1313860,Sports
1326470,Action
1326470,Adventure
1326470,Indie
1326470,Simulation
1328670,Action
1328670,RPG
1332010,Adventure
1332010,Indie
1343370,Adventure
1343370,Massively Multiplayer
1343370,RPG
1343370,Free To Play
1343400,Massively Multiplayer
1343400,RPG
1343400,Free To Play
13520,Action
1361210,Action
1361210,Adventure
1361210,RPG
1363080,Simulation
1363080,Strategy
1363080,Early Access
1364780,Action
1364780,Adventure
1366540,Indie
1366540,Simulation
1366540,Strategy
1366540,Early Access
1366800,Action
1366800,Adventure
1366800,Indie
1366800,Animation & Modeling
1366800,Design & Illustration
1366800,Education
1366800,Photo Editing
1366800,Utilities
1366800,Game Development
1371980,Action
1371980,Adventure
1371980,RPG
1371980,Early Access
1372880,Action
1372880,Adventure
1372880,Massively Multiplayer
1372880,Early Access
1380400,Action
1380400,Adventure
1380400,Indie
1380400,Strategy
1384160,Action
1388770,Action
1388770,Indie
1388770,Simulation
1399780,Action
1399780,Adventure
1399780,Free To Play
1399780,RPG
1404210,Action
1404210,Adventure
1408720,Action
1408720,Casual
1426210,Action
1426210,Adventure
1446780,Action
1454400,Casual
1454400,Indie
1454400,Simulation
1454400,Strategy
1466860,Strategy
1468810,Action
1468810,Adventure
1468810,Indie
1468810,RPG
1468810,Simulation
1475810,Action
1476970,Casual
1476970,Indie
1476970,Massively Multiplayer
1476970,RPG
1476970,Simulation
1476970,Free To Play
1476970,Early Access
1483870,Casual
1483870,Indie
1491000,Action
1491000,Simulation
1491000,Free To Play
1506830,Simulation
1506830,Sports
15100,Action
15100,Adventure
1515210,Adventure
1515210,Indie
1515950,Action
1515950,Free To Play
1517290,Action
1517290,Adventure
1517290,Casual
1520470,Action
1520470,Adventure
1520470,Massively Multiplayer
1520470,RPG
1520470,Strategy
1520470,Free To Play
1522820,Action
1522820,Adventure
1522820,Indie
1522820,Strategy
1533390,Action
1533390,Casual
1536610,Casual
1536610,Indie
1536610,Simulation
1536610,Free To Play
1551360,Action
1551360,Adventure
1551360,Racing
1551360,Simulation
1551360,Sports
1557740,Action
1557740,Indie
15620,Strategy
1562430,Adventure
1562430,RPG
1569040,Simulation
1569040,Sports
1593500,Action
1593500,Adventure
1593500,RPG
1599340,Action
1599340,Adventure
1599340,Massively Multiplayer
1599340,RPG
1599340,Free To Play
1599600,Action
1599600,Casual
1599600,Indie
1599600,Strategy
1604030,Action
1604030,Adventure
1604030,Massively Multiplayer
1611910,RPG
1611910,Strategy
1619450,Action
1619450,Adventure
1619450,Indie
1619450,RPG
1621690,Action
1621690,Adventure
1621690,Indie
1621690,RPG
1621690,Simulation
1623730,Action
1623730,Adventure
1623730,Indie
1623730,RPG
1623730,Early Access
1627140,RPG
1627140,Strategy
1637320,Action
1637320,Adventure
1637320,Indie
1637320,Simulation
1643320,Action
1643320,Adventure
1643320,RPG
1659040,Action
1659040,Adventure
1665460,Simulation
1665460,Sports
1665460,Free To Play
1676130,Action
1676130,Indie
1677740,Action
1677740,Casual
1677740,Indie
1677740,Massively Multiplayer
1677740,Racing
1677740,Free To Play
1687950,RPG
17080,Action
17080,Free To Play
1716740,RPG
1721470,Action
1721470,Adventure
1721470,Indie
17300,Action
17330,Action
17390,Action
17390,Adventure
17390,Casual
17390,RPG
17390,Simulation
17390,Strategy
17410,Action
17410,Adventure
17460,Action
17460,RPG
17470,Action
17470,Adventure
17480,Action
17480,Strategy
1755910,Action
1755910,Free To Play
1771300,Action
1771300,Adventure
1771300,RPG
1774580,Action
1774580,Adventure
1778820,Action
1782210,Action
1782210,Casual
1782210,Free To Play
1782210,Indie
1782210,Racing
1790600,Action
1794680,Action
1794680,Casual
1794680,Indie
1794680,RPG
1811260,Simulation
1811260,Sports
1817070,Action
1817070,Adventure
1817070,Casual
1818750,Action
1818750,Free To Play
1824220,Action
1824220,Massively Multiplayer
1832640,Adventure
1832640,Indie
1832640,RPG
1832640,Early Access
1840,Animation & Modeling
1840,Video Production
1845910,Action
1845910,Adventure
1845910,RPG
1845910,Strategy
1850570,Action
1850570,Adventure
1868140,Adventure
1868140,Casual
1868140,RPG
1868140,Simulation
1888160,Action
1903340,Action
1903340,RPG
1904540,Simulation
1904540,Sports
1929610,Action
1929610,Adventure
1929610,Indie
1938090,Action
1942280,Action
1942280,Casual
1942280,Indie
1942280,RPG
1943950,Indie
1943950,Early Access
1966720,Action
1966720,Adventure
1966720,Indie
1966720,Early Access
1987080,Adventure
1987080,Indie
1987080,Early Access
19900,Action
2001120,Action
2001120,Adventure
200260,Action
200260,Adventure
200510,Strategy
200710,Action
200710,Adventure
200710,Indie
200710,RPG
2012510,Action
2012510,Strategy
2012510,Free To Play
201270,Strategy
201790,Action
201790,Adventure
201790,Indie
201790,RPG
201790,Strategy
201810,Action
202170,Action
202170,Adventure
2021910,Action
2021910,Casual
2021910,Free To Play
2021910,Strategy
202750,Action
202750,Adventure
202970,Action
202990,Action
203140,Action
203160,Action
203160,Adventure
203290,Action
203290,Free To Play
203770,RPG
203770,Simulation
203770,Strategy
203770,Free To Play
204100,Action
204300,Action
204300,Indie
204300,Strategy
204340,Action
204340,Indie
204360,Action
204360,Adventure
204360,Casual
204360,Indie
204360,RPG
204450,Action
204880,Action
204880,Indie
204880,Simulation
204880,Strategy
2050650,Action
2050650,Adventure
205100,Action
205100,Adventure
2054970,Action
2054970,RPG
20570,Strategy
206420,Action
206420,Adventure
206440,Adventure
206440,Indie
206440,RPG
2064650,Action
2064650,Massively Multiplayer
2064650,RPG
2064650,Free To Play
206480,Action
206480,Adventure
206480,Massively Multiplayer
206480,RPG
206480,Free To Play
206500,Action
206500,Indie
206500,Strategy
206500,Free To Play
207140,Action
207140,Casual
207140,Indie
207140,Racing
207140,Sports
207230,Action
207230,Free To Play
207230,Indie
207610,Adventure
208090,Action
208090,Free To Play
208090,Indie
208140,Strategy
208580,RPG
208650,Action
208650,Adventure
20900,Action
20900,RPG
209000,Action
209000,Adventure
209080,Action
209080,Adventure
209080,Indie
209080,Simulation
209160,Action
209170,Action
20920,RPG
2096610,Action
2100,Action
2100,RPG
210770,Action
210770,Indie
210770,Strategy
211500,Racing
211500,Simulation
211500,Sports
211500,Free To Play
211820,Action
211820,Adventure
211820,Casual
211820,Indie
211820,RPG
212070,Action
212070,Adventure
212070,Massively Multiplayer
212070,RPG
212070,Simulation
212070,Free To Play
212160,Action
212160,Adventure
212160,Massively Multiplayer
212160,RPG
212160,Free To Play
212500,Action
212500,Adventure
212500,Massively Multiplayer
212500,RPG
212500,Free To Play
212680,Indie
212680,Simulation
212680,Strategy
213670,Action
213670,Adventure
213670,RPG
214420,Action
214420,Free To Play
214420,Indie
214490,Action
214560,Action
214560,Adventure
214560,Indie
214950,Strategy
215080,Action
215080,Adventure
215080,Casual
215080,Indie
215080,Massively Multiplayer
215080,RPG
215080,Strategy
215080,Free To Play
215280,Action
215280,Adventure
215280,Massively Multiplayer
215280,RPG
215280,Free To Play
216150,Action
216150,Adventure
216150,Casual
216150,Massively Multiplayer
216150,RPG
216150,Free To Play
21690,Action
21690,Adventure
218230,Action
218230,Massively Multiplayer
218230,Free To Play
2183900,Action
2183900,Adventure
2183900,RPG
218620,Action
218620,RPG
2186680,Action
2186680,Adventure
2186680,Indie
2186680,RPG
2186680,Strategy
219150,Action
219150,Indie
2195250,Simulation
2195250,Sports
219640,Action
219640,Indie
219740,Adventure
219740,Indie
219740,Simulation
219990,Action
219990,Adventure
219990,Indie
219990,RPG
220,Action
220200,Indie
220200,Simulation
220240,Action
220240,Adventure
220440,Action
220440,Adventure
221040,Action
221040,Adventure
221100,Action
221100,Adventure
221100,Massively Multiplayer
221380,Strategy
2215430,Action
2215430,Adventure
221910,Adventure
221910,Indie
222880,Action
222880,Indie
222880,Strategy
2231450,Action
2231450,Indie
22320,RPG
22330,RPG
223470,Action
223470,Adventure
223470,Indie
22370,RPG
223710,Action
223710,Adventure
223710,Indie
223750,Simulation
223750,Free To Play
22380,Action
22380,RPG
224260,Action
224260,Indie
224260,Free To Play
224540,Action
224540,Indie
224600,Action
224600,Free To Play
224600,Massively Multiplayer
224600,RPG
2246340,Action
2246340,Adventure
2246340,RPG
224760,Indie
225080,Action
225080,Adventure
225080,Indie
225260,Action
225260,Adventure
225260,Strategy
225540,Action
225540,Adventure
226840,RPG
226840,Strategy
227300,Indie
227300,Simulation
227940,Action
227940,Free To Play
227940,Indie
227940,Massively Multiplayer
227940,Strategy
2280,Action
228200,Action
228200,Strategy
228280,Adventure
228280,RPG
228380,Action
228380,Indie
228380,Racing
228380,Simulation
228380,Sports
230410,Action
230410,RPG
230410,Free To Play
2310,Action
231060,Free To Play
231060,Massively Multiplayer
231060,RPG
231430,Strategy
232050,Indie
232050,RPG
232050,Strategy
232090,Action
2322010,Action
2322010,Adventure
2322010,RPG
2322560,Adventure
2322560,Indie
2322560,RPG
2322560,Simulation
2322560,Strategy
232770,Action
232770,Indie
232890,Simulation
232890,Strategy
23310,RPG
233130,Action
233130,Adventure
233450,Indie
233450,Simulation
233450,Strategy
233720,Action
233720,Indie
233720,Simulation
233860,Action
233860,Indie
233860,RPG
233860,Simulation
233860,Strategy
234140,Action
234140,Adventure
2344520,Action
2344520,RPG
234650,Adventure
234650,Indie
234650,RPG
234650,Strategy
235460,Action
235600,Action
235600,Adventure
2358720,Action
2358720,Adventure
2358720,RPG
236110,Action
236110,Indie
236110,RPG
236110,Strategy
236110,Free To Play
236390,Action
236390,Massively Multiplayer
236390,Simulation
236390,Free To Play
236850,Simulation
236850,Strategy
236870,Action
237110,Action
237930,Action
237930,Indie
237930,RPG
2379780,Casual
2379780,Indie
2379780,Strategy
238010,Action
238010,RPG
238090,Action
238090,Adventure
238320,Action
238320,Adventure
238320,Indie
238370,Action
238370,Adventure
238460,Action
238460,Adventure
238460,Casual
238460,Indie
238960,Action
238960,Adventure
238960,Indie
238960,Massively Multiplayer
238960,RPG
238960,Free To Play
239030,Adventure
239030,Indie
239140,Action
239140,RPG
239160,Action
239160,Adventure
239350,Indie
239820,Casual
239820,Indie
239820,Simulation
239820,Strategy
2399830,Action
2399830,Adventure
2399830,Indie
2399830,Massively Multiplayer
2399830,RPG
2399830,Early Access
240,Action
24010,Simulation
240320,Action
240320,Massively Multiplayer
240320,RPG
240320,Free To Play
240720,Action
24200,Action
24200,Adventure
24200,Massively Multiplayer
24200,RPG
24200,Free To Play
242050,Action
242050,Adventure
2420510,Action
2420510,Adventure
2420510,Casual
2420510,Indie
24240,Action
242720,Action
242720,Indie
242720,Free To Play
242760,Action
242760,Adventure
242760,Indie
242760,Simulation
242860,Action
242860,Indie
242860,Massively Multiplayer
242860,Simulation
242860,Strategy
242920,Indie
242920,Simulation
242920,Strategy
243470,Action
243470,Adventure
244210,Indie
244210,Racing
244210,Simulation
244210,Sports
244850,Action
244850,Indie
244850,Simulation
244850,Strategy
245170,Action
245170,Indie
245620,RPG
245620,Simulation
245620,Strategy
246620,Casual
246620,Indie
246620,Simulation
246620,Strategy
246900,Indie
246900,Simulation
247080,Action
247080,Indie
247080,RPG
2479810,Action
2479810,Massively Multiplayer
2479810,Early Access
248570,Action
248570,Indie
248570,Strategy
248570,Free To Play
249130,Action
249130,Adventure
24960,Action
24980,RPG
250400,Action
250400,Adventure
250400,RPG
250900,Action
251060,Indie
251060,Simulation
251060,Strategy
251570,Action
251570,Adventure
251570,Indie
251570,RPG
251570,Simulation
251570,Strategy
252130,Adventure
252130,Casual
252130,Indie
252490,Action
252490,Adventure
252490,Indie
252490,Massively Multiplayer
252490,RPG
2527500,Adventure
2527500,Indie
2527500,RPG
2527500,Simulation
252950,Action
252950,Indie
252950,Racing
252950,Sports
253710,Action
253710,Adventure
253710,Free To Play
253710,Simulation
253710,Sports
253900,Simulation
253900,Strategy
253960,Adventure
253980,Action
253980,RPG
254700,Action
254700,Adventure
2551020,Action
2551020,Indie
2551020,Simulation
2551020,Strategy
2551020,Free To Play
2552430,Action
2552430,Adventure
2552430,RPG
255710,Simulation
255710,Strategy
2567870,Adventure
2567870,Casual
2567870,Indie
2567870,Simulation
257350,Adventure
257350,RPG
257510,Action
257510,Adventure
257510,Indie
259080,Action
259080,Adventure
261030,Adventure
261110,Action
261550,Action
261550,Indie
261550,RPG
261550,Simulation
261550,Strategy
261570,Action
261640,Action
261640,RPG
262060,Indie
262060,RPG
262060,Strategy
2622000,Casual
2622000,Indie
2622000,RPG
2622000,Strategy
2622380,Action
2622380,RPG
2623190,RPG
262410,Action
262410,Casual
262410,Indie
262410,Simulation
262410,Strategy
262410,Free To Play
2630,Action
263500,Action
263500,Adventure
263500,Free To Play
263500,Indie
263500,RPG
264710,Adventure
264710,Indie
265550,Action
265590,Strategy
265630,Action
265630,Free To Play
265630,Indie
265930,Casual
265930,Indie
265930,Simulation
266840,Simulation
266840,Strategy
2669320,Simulation
2669320,Sports
2670630,Casual
2670630,Indie
2670630,Simulation
26800,Casual
26800,Indie
26800,Strategy
2680010,Action
2680010,Adventure
2680010,RPG
268050,Action
268420,Adventure
268420,Casual
268420,Free To Play
268420,Massively Multiplayer
268420,RPG
268500,Strategy
268910,Action
268910,Indie
269210,Action
269210,Adventure
269210,Indie
269210,Massively Multiplayer
269210,RPG
2694490,Action
2694490,Adventure
2694490,Massively Multiplayer
2694490,RPG
2694490,Early Access
270150,Action
270150,Indie
270880,Indie
270880,Simulation
2709570,Casual
2709570,Indie
2709570,Simulation
2709570,Free To Play
271590,Action
271590,Adventure
273110,Action
273110,Casual
273110,Indie
273110,Massively Multiplayer
273110,Free To Play
273350,Action
273350,Free To Play
274170,Action
274170,Indie
274190,Action
274190,Adventure
274190,Casual
274190,Indie
274940,Action
274940,Indie
275390,Action
275390,Adventure
275390,Indie
275850,Action
275850,Adventure
278080,Action
278360,Adventure
278360,Casual
278360,Indie
279720,RPG
280,Action
280790,Action
280790,Adventure
280790,Casual
280790,Indie
280790,Massively Multiplayer
280790,RPG
280790,Simulation
281990,Simulation
281990,Strategy
282070,Adventure
282070,Indie
282070,Simulation
282140,Action
282140,Adventure
282140,Indie
282440,Action
2835570,Action
2835570,Indie
2835570,Simulation
284160,Racing
284160,Simulation
284160,Early Access
285190,Action
285190,Simulation
285190,Strategy
285800,Adventure
285800,Casual
285800,Indie
285800,RPG
285800,Strategy
285900,Action
285900,Adventure
285900,Casual
285900,Indie
285900,Simulation
286160,Casual
286160,Indie
286160,RPG
286160,Simulation
286160,Strategy
286570,Racing
286570,Sports
286690,Action
286940,Action
286940,Adventure
286940,Free To Play
286940,Sports
286940,Strategy
287290,Action
287290,Adventure
287390,Action
287450,Simulation
287450,Strategy
287700,Action
287700,Adventure
2881650,Action
2881650,Adventure
2881650,Indie
289070,Strategy
289130,RPG
289130,Strategy
289650,Action
289650,Adventure
291480,Action
291480,Massively Multiplayer
291480,Free To Play
291550,Action
291550,Indie
291550,Free To Play
291650,RPG
292030,RPG
292730,Action
292730,Adventure
292910,Adventure
294100,Indie
294100,Simulation
294100,Strategy
297000,RPG
297000,Strategy
298110,Action
298110,Adventure
299360,Action
299360,Massively Multiplayer
299360,Strategy
299360,Free To Play
299460,Action
299460,Adventure
299460,Indie
30,Action
300,Action
301520,Action
301520,Indie
301520,Massively Multiplayer
301520,RPG
301520,Simulation
301520,Free To Play
302510,Action
302830,Action
302830,Free To Play
302830,Early Access
303390,Action
303390,Casual
303390,Indie
304050,Action
304050,Adventure
304050,Casual
304050,Massively Multiplayer
304050,RPG
304050,Free To Play
304240,Action
304240,Adventure
304390,Action
304430,Action
304430,Adventure
304430,Indie
304670,Casual
304670,Indie
304670,Strategy
304930,Action
304930,Adventure
304930,Casual
304930,Indie
304930,Free To Play
305620,Adventure
305620,Indie
305620,Simulation
305620,Strategy
306130,Action
306130,Adventure
306130,Massively Multiplayer
306130,RPG
3070070,Simulation
3070070,Early Access
307690,Action
307690,Adventure
307690,Racing
307780,Action
308040,Action
308040,Casual
308040,Indie
3097560,Casual
3097560,Indie
3097560,Simulation
3097560,Strategy
3097560,Early Access
310560,Racing
310560,Simulation
310560,Sports
310950,Action
311210,Action
311210,Adventure
311340,Action
311340,Adventure
311690,Action
311690,Adventure
311690,Indie
311860,Adventure
311860,Indie
311860,RPG
311860,Simulation
312520,Action
312520,Adventure
312520,Indie
312530,Action
312530,Indie
312660,Action
312660,Adventure
312990,Action
312990,Adventure
312990,Indie
312990,Free To Play
3132990,Free To Play
3132990,Utilities
314160,Simulation
3146520,Casual
3146520,Indie
3146520,Massively Multiplayer
316010,Free To Play
316010,Strategy
3164500,Action
3164500,Indie
3164500,Simulation
3164500,Strategy
3164500,Early Access
319510,Indie
319510,Simulation
319630,Action
319630,Adventure
319830,Action
319830,Indie
319830,Simulation
320,Action
322170,Action
322170,Indie
322330,Action
322330,Adventure
322330,Indie
322330,RPG
322330,Simulation
322330,Strategy
322500,Action
322500,Indie
323190,Simulation
323190,Strategy
323470,Action
323580,Action
323580,Adventure
323580,Indie
32370,Adventure
32370,RPG
323850,Action
323850,Indie
3240220,Action
3240220,Adventure
3240220,Racing
3241660,Action
3241660,Early Access
32430,Action
32470,Strategy
324800,Action
324800,Adventure
325610,Strategy
327690,Action
327690,Free To Play
327690,Strategy
32800,Action
32800,RPG
332070,Adventure
332070,Free To Play
332070,Massively Multiplayer
332070,RPG
33230,Action
33230,Adventure
333930,Action
333930,Free To Play
334210,Action
334210,Indie
334210,Strategy
334230,Action
334230,Casual
334230,RPG
334230,Strategy
335240,Free To Play
335240,Indie
335240,Massively Multiplayer
335300,Action
335300,RPG
337000,Action
337000,RPG
337320,Action
337320,Indie
33900,Action
33900,Simulation
33900,Strategy
33930,Action
33930,Simulation
33930,Strategy
340,Action
34030,Strategy
341800,Indie
342200,Action
342200,Massively Multiplayer
342200,Simulation
342200,Strategy
342200,Free To Play
34270,Action
34270,Adventure
34270,Casual
34270,RPG
34330,Strategy
343710,Adventure
343710,Indie
34440,Strategy
34460,Strategy
346010,Indie
346010,Simulation
346110,Action
346110,Adventure
346110,Indie
346110,Massively Multiplayer
346110,RPG
346330,Action
346330,Adventure
346330,Indie
346330,Free To Play
346900,Casual
346900,Indie
346900,Free To Play
34870,Action
349040,Action
349040,Adventure
349700,Violent
349700,Action
349700,Free To Play
349700,Indie
349700,Massively Multiplayer
350640,Action
350640,Adventure
35140,Action
35140,Adventure
351940,Adventure
351940,Casual
351940,Indie
35450,Action
35450,Massively Multiplayer
35450,Simulation
355180,Action
355180,Free To Play
355840,Action
355840,Free To Play
355840,Massively Multiplayer
355840,RPG
355840,Early Access
356190,Action
356190,Adventure
356190,RPG
35700,Action
35700,Adventure
35700,Indie
35720,Action
35720,Adventure
35720,Indie
3590,Strategy
359320,Action
359320,Adventure
359320,Massively Multiplayer
359320,RPG
359320,Simulation
359320,Strategy
359550,Action
359550,Free To Play
360,Action
360430,Action
360430,Adventure
360970,Action
360970,Adventure
361420,Adventure
361420,Indie
362890,Action
362890,Adventure
362890,Indie
363970,Adventure
363970,Casual
363970,Indie
363970,RPG
363970,Simulation
363970,Strategy
363970,Free To Play
364360,Action
364360,Strategy
364470,Free To Play
365450,Indie
365450,Simulation
365590,Action
365590,Adventure
365590,RPG
365670,Animation & Modeling
365670,Design & Illustration
365670,Video Production
367500,Action
367500,Adventure
367500,RPG
367520,Action
367520,Adventure
367520,Indie
368230,Indie
368230,Simulation
368230,Strategy
368260,RPG
368260,Strategy
368500,Action
368500,Adventure
370910,Adventure
370910,Indie
372000,Massively Multiplayer
372000,RPG
372000,Free To Play
373420,Adventure
373420,Indie
373420,RPG
373420,Strategy
374040,Action
374040,Adventure
374040,RPG
374320,Action
377160,RPG
377300,Action
377300,Simulation
377300,Free To Play
378540,Action
378540,RPG
379430,Action
379430,Adventure
379430,RPG
379720,Action
380,Action
380600,Massively Multiplayer
380600,Simulation
380600,Sports
380600,Free To Play
381210,Action
383150,Action
383870,Adventure
383870,Indie
38400,RPG
386180,Action
386180,Adventure
386180,Massively Multiplayer
386180,Racing
386180,Free To Play
386360,Action
386360,Adventure
386360,Casual
386360,Massively Multiplayer
386360,RPG
386360,Strategy
386360,Free To Play
386940,Action
386940,Casual
386940,Indie
387290,Action
387990,Action
387990,Adventure
387990,Indie
387990,Simulation
387990,Early Access
388410,Action
388410,Adventure
388410,RPG
389430,Action
389430,Adventure
389430,Free To Play
389430,Massively Multiplayer
389430,RPG
389570,Casual
389570,Simulation
389570,Free To Play
389730,Action
389730,Sports
3910,Strategy
39120,Action
39120,Adventure
39120,Massively Multiplayer
39120,RPG
39120,Free To Play
391220,Action
391220,Adventure
39140,RPG
391460,Action
391460,Free To Play
391540,Indie
391540,RPG
391720,Adventure
391720,Indie
39210,Massively Multiplayer
39210,RPG
392110,Strategy
392160,Action
392160,Simulation
392160,Strategy
393380,Action
393380,Indie
393380,Massively Multiplayer
393380,Strategy
394360,Simulation
394360,Strategy
394510,Action
39500,Action
39500,RPG
395170,Adventure
395170,Casual
395170,Indie
397540,Action
397540,RPG
397900,Adventure
397900,Casual
397900,Indie
397900,Massively Multiplayer
397900,Simulation
397900,Strategy
397900,Free To Play
40,Action
400,Action
4000,Casual
4000,Indie
4000,Simulation
403640,Action
407530,Action
407530,Adventure
407530,Indie
407530,Massively Multiplayer
407530,RPG
407530,Strategy
40800,Indie
409710,Action
409710,RPG
409720,Action
409720,RPG
40990,Action
40990,Adventure
41000,Action
41000,Indie
410320,Action
41070,Action
41070,Indie
412020,Action
412220,Action
412220,Indie
412220,Free To Play
413150,Indie
413150,RPG
413150,Simulation
414340,Action
414340,Adventure
414340,Indie
414700,Action
414700,Adventure
414700,Indie
41500,RPG
417860,Adventure
417860,Casual
417860,Free To Play
417860,Indie
417860,Simulation
417910,Action
417910,Massively Multiplayer
417910,Simulation
417910,Sports
418070,Casual
418070,Indie
418240,Indie
418240,Strategy
418370,Action
418370,Adventure
418460,Action
418460,Massively Multiplayer
418460,Simulation
418460,Strategy
420,Action
424280,Action
424280,Indie
424280,Free To Play
424370,Action
424370,Adventure
424370,Indie
424370,RPG
424840,Adventure
42680,Action
42700,Action
42710,Action
427270,Action
427270,Free To Play
427270,Strategy
427520,Casual
427520,Indie
427520,Simulation
427520,Strategy
427730,Action
427730,Casual
427730,Indie
42910,Action
42910,RPG
431240,Casual
431240,Indie
431240,Sports
431730,Animation & Modeling
431730,Design & Illustration
431730,Game Development
431960,Casual
431960,Indie
431960,Animation & Modeling
431960,Design & Illustration
431960,Photo Editing
431960,Utilities
433340,Action
433340,Adventure
433340,Indie
433340,Simulation
433850,Action
433850,Adventure
433850,Free To Play
433850,Massively Multiplayer
434650,Action
434650,Adventure
434650,Indie
434650,RPG
435150,Adventure
435150,RPG
435150,Strategy
436520,Action
436520,Free To Play
436520,Indie
436520,Massively Multiplayer
437900,Casual
437900,Indie
437900,Sports
438040,Adventure
438040,Casual
438040,Indie
438040,Massively Multiplayer
438040,RPG
438040,Strategy
438040,Free To Play
438100,Adventure
438100,Casual
438100,Massively Multiplayer
438100,Simulation
438100,Sports
438100,Free To Play
438100,Early Access
438740,Action
439190,Action
439190,Adventure
439190,Indie
439190,RPG
439700,Massively Multiplayer
440,Action
440,Free To Play
440900,Action
440900,Adventure
440900,Massively Multiplayer
440900,RPG
440900,Simulation
440900,Strategy
442080,Adventure
442080,Massively Multiplayer
442080,RPG
442080,Free To Play
443110,Action
443110,Massively Multiplayer
443110,Simulation
443110,Free To Play
444090,Action
444090,Adventure
444090,Massively Multiplayer
444090,Strategy
444090,Free To Play
444200,Action
444200,Massively Multiplayer
444200,Simulation
444200,Strategy
444200,Free To Play
444640,Action
444640,Free To Play
444640,Strategy
446800,Simulation
447020,Simulation
447040,Action
447040,Adventure
447820,Action
447820,Indie
447820,Strategy
448510,Action
448510,Casual
448510,Indie
448510,Simulation
4500,Action
4500,RPG
450390,Free To Play
453480,Strategy
453480,Free To Play
454650,Action
454650,Adventure
454650,Casual
454650,Massively Multiplayer
4560,Action
4560,Strategy
4570,Strategy
457140,Indie
457140,Simulation
459820,Casual
459820,Indie
459820,Free To Play
460790,Action
460790,Adventure
460920,Action
460920,Sports
460930,Action
460930,Adventure
460950,Action
460950,Indie
462780,Action
462780,Adventure
462780,RPG
464920,Simulation
464920,Strategy
466240,Action
466240,Indie
466240,Free To Play
466560,Adventure
466560,Indie
466560,Simulation
466560,Strategy
4700,Strategy
470220,Casual
471710,Adventure
471710,Casual
471710,Massively Multiplayer
471710,Free To Play
474960,Action
475150,Action
475150,RPG
475550,Adventure
475550,Indie
475550,Strategy
4760,Strategy
476480,Adventure
476480,Massively Multiplayer
476600,Action
477160,Adventure
477160,Casual
477160,Indie
477160,Simulation
47790,Action
47810,RPG
47830,Action
47870,Racing
47890,Simulation
48000,Action
48000,Adventure
48000,Indie
48190,Action
48190,Adventure
482730,Simulation
482730,Sports
485510,Action
485510,RPG
48700,Action
48700,RPG
487220,Casual
487220,Indie
488790,RPG
489830,RPG
491950,Adventure
491950,Indie
491950,Simulation
4920,Action
4920,Indie
4920,Strategy
492720,Simulation
492720,Strategy
493340,Action
493340,Adventure
493340,Casual
493340,Simulation
493340,Strategy
493520,Action
49520,Action
49520,RPG
495420,Action
495420,RPG
495420,Simulation
50,Action
500,Action
50130,Action
50300,Action
50300,Adventure
504230,Action
504230,Adventure
504230,Indie
504370,Action
504370,Free To Play
50620,Action
50620,Adventure
506540,Action
506540,Adventure
506540,Free To Play
506540,Indie
506540,Massively Multiplayer
506540,Strategy
508440,Indie
508440,Simulation
508440,Strategy
509980,Action
509980,Adventure
509980,Indie
509980,Early Access
510840,Action
510840,Casual
510840,Indie
510840,Simulation
511470,Casual
511470,Indie
513710,Action
513710,Adventure
513710,Indie
513710,Massively Multiplayer
518790,Adventure
518790,Simulation
518790,Sports
519860,Action
519860,Indie
524220,Action
524220,RPG
526870,Adventure
526870,Indie
526870,Simulation
526870,Strategy
527230,Adventure
527230,Indie
527230,RPG
527230,Strategy
527430,Action
527430,Adventure
527430,Indie
527430,RPG
529340,Simulation
529340,Strategy
530700,Action
530700,Free To Play
532210,Adventure
534380,Action
534380,Adventure
534380,RPG
535930,Indie
535930,Simulation
537180,Action
537180,Adventure
537180,Casual
537180,Free To Play
537180,Massively Multiplayer
537180,RPG
544730,Casual
544730,Strategy
544750,Action
544810,Casual
544810,Indie
544810,Strategy
544810,Free To Play
546560,Action
546560,Adventure
548430,Action
550,Action
550650,Action
550650,Free To Play
550900,Action
550900,Adventure
550900,Free To Play
550900,Massively Multiplayer
550900,RPG
55100,Action
55110,Action
55150,Action
552100,Simulation
55230,Action
552500,Action
552500,Indie
552500,RPG
552520,Action
552520,Adventure
552990,Action
552990,Massively Multiplayer
552990,Simulation
552990,Strategy
552990,Free To Play
553850,Action
554620,Action
554620,Adventure
555570,Action
555570,Indie
555570,Massively Multiplayer
555570,RPG
555570,Free To Play
560130,RPG
56437,Strategy
568220,Indie
568220,Simulation
569480,Indie
569480,Simulation
569480,Strategy
570940,Action
57300,Action
57300,Adventure
57300,Indie
57690,Simulation
57690,Strategy
578080,Action
578080,Adventure
578080,Massively Multiplayer
578080,Free To Play
581320,Action
582010,Action
582160,Action
582160,Adventure
582160,RPG
582500,Action
582500,Adventure
582500,Indie
582500,Free To Play
582660,Action
582660,Adventure
582660,Massively Multiplayer
582660,RPG
582660,Strategy
583950,Strategy
585420,Action
585420,Adventure
585420,Indie
585420,Racing
585420,Simulation
585690,Action
585690,Adventure
585690,Casual
585690,Indie
588430,RPG
588430,Simulation
588430,Free To Play
588650,Action
588650,Adventure
588650,Indie
594570,Action
594570,Strategy
594650,Action
599140,Adventure
599140,Indie
599140,RPG
599140,Simulation
6000,Action
601150,Action
601430,Action
601430,Adventure
601510,Strategy
601510,Free To Play
602960,Action
602960,Indie
602960,Simulation
602960,Strategy
603850,Strategy
6060,Action
606150,Action
606150,Adventure
606150,Indie
606280,Action
606280,Adventure
606280,RPG
611500,Action
611500,Free To Play
612880,Action
613010,Adventure
613010,Indie
613100,Indie
613100,Simulation
617290,Action
617290,Adventure
617290,RPG
620,Action
620,Adventure
620980,Indie
621060,Indie
621060,Simulation
627690,Action
627690,Adventure
627690,Indie
627690,Strategy
627690,Free To Play
629520,Audio Production
629520,Utilities
629730,Action
629730,Adventure
629730,Indie
629730,RPG
629730,Simulation
629760,Action
629760,Indie
630,Action
630,Free To Play
630100,Action
630100,Free To Play
630100,Massively Multiplayer
630100,RPG
632360,Action
632360,Indie
632470,RPG
633230,Action
63380,Action
635260,Massively Multiplayer
635260,Racing
635260,Simulation
635260,Sports
636480,Action
636480,Indie
636480,Early Access
637090,Action
637090,Adventure
637090,Strategy
637650,RPG
638070,Action
638070,Indie
638070,Simulation
638070,Strategy
638970,Action
638970,Adventure
638970,RPG
640590,Action
640820,Adventure
640820,RPG
641990,Indie
641990,Simulation
641990,Strategy
644560,Adventure
644560,Indie
644560,RPG
644930,Strategy
645630,Racing
645630,Simulation
646570,Indie
646570,Strategy
646910,Action
646910,Massively Multiplayer
646910,Racing
648350,Simulation
648350,Strategy
648800,Adventure
648800,Indie
648800,Simulation
657200,Simulation
65790,Action
65790,Simulation
65790,Strategy
65800,Action
65800,Indie
65800,RPG
65800,Strategy
65930,Action
65980,Strategy
666220,Action
666220,Casual
666220,Indie
666220,Free To Play
668580,Action
668580,Adventure
668580,RPG
671860,Action
671860,Massively Multiplayer
671860,Early Access
673130,Action
673130,Adventure
673130,Indie
67370,Action
673950,Casual
673950,Indie
673950,Simulation
674020,Action
674020,Free To Play
674940,Action
674940,Casual
674940,Indie
675010,Simulation
677620,Action
677620,Free To Play
677620,Indie
678950,Action
678960,Action
678960,RPG
680420,Action
680420,Adventure
680420,RPG
681660,Action
681660,Adventure
681660,Free To Play
681660,Massively Multiplayer
681660,RPG
683320,Adventure
683320,Indie
6850,Action
6860,Action
686810,Action
686810,Indie
686810,Massively Multiplayer
686810,Simulation
686810,Strategy
6880,Action
690790,Racing
690790,Simulation
690790,Sports
6910,Action
692850,Action
692850,Adventure
692850,RPG
698780,Casual
698780,Free To Play
698780,Indie
699130,Action
70,Action
700330,Action
700330,Free To Play
701160,Adventure
701160,Indie
701160,Simulation
701160,Strategy
703080,Casual
703080,Simulation
703080,Strategy
704270,Action
704270,Adventure
704850,Action
704850,Adventure
704850,Indie
704850,Simulation
706990,Action
706990,Indie
706990,Free To Play
72850,RPG
728880,Action
728880,Casual
728880,Indie
730,Action
730,Free To Play
736220,Action
736220,Indie
736220,Massively Multiplayer
736220,Strategy
736590,Action
736590,Casual
736590,Indie
736590,Simulation
736590,Strategy
736590,Free To Play
736590,Early Access
738060,Free To Play
738060,Indie
738060,Simulation
739630,Action
739630,Indie
739630,Early Access
740130,Action
740130,RPG
744900,Action
744900,Indie
744900,Massively Multiplayer
744900,RPG
744900,Free To Play
747660,Action
747660,Adventure
747660,Indie
750920,Action
750920,Adventure
752590,Action
752590,Adventure
753640,Action
753640,Adventure
755790,Action
755790,Free To Play
755790,Massively Multiplayer
760160,Action
760160,Free To Play
761890,Massively Multiplayer
761890,RPG
761890,Free To Play
766570,Adventure
766570,Casual
766570,Massively Multiplayer
766570,RPG
766570,Simulation
766570,Sports
766570,Free To Play
7670,Action
7670,RPG
767560,Action
767560,Free To Play
774171,Action
774171,Casual
774171,Indie
774361,Action
774361,Adventure
774361,Indie
775500,Action
775500,Adventure
775500,RPG
779340,Action
779340,Strategy
780310,Action
780310,Adventure
780310,Indie
780310,RPG
780310,Simulation
780310,Strategy
782330,Action
783770,Action
783770,Free To Play
787860,Simulation
788100,Action
788100,Adventure
788100,Indie
788100,RPG
7940,Action
794260,RPG
80,Action
805550,Racing
805550,Simulation
805550,Sports
809960,Action
809960,Adventure
809960,Free To Play
809960,Indie
809960,Massively Multiplayer
809960,Early Access
812140,Action
812140,Adventure
812140,RPG
813780,Strategy
813820,Action
813820,Free To Play
813820,Early Access
814380,Action
814380,Adventure
815370,Action
815370,Adventure
815370,Indie
815370,Simulation
816020,Action
8190,Action
8190,Adventure
823130,Action
823130,Indie
823130,Free To Play
823500,Action
823500,Adventure
823500,Indie
823500,Simulation
834910,Action
834910,Adventure
834910,Massively Multiplayer
834910,RPG
834910,Early Access
837470,Action
837470,Indie
838350,Adventure
838350,Casual
838350,Indie
838350,RPG
838350,Strategy
838350,Early Access
841370,Simulation
841370,Sports
843380,Action
843380,Adventure
843380,Casual
843380,Indie
843380,Massively Multiplayer
843380,Free To Play
844870,Action
844870,Free To Play
844870,Early Access
845070,Adventure
845070,Free To Play
848450,Adventure
848450,Indie
8500,Action
8500,Massively Multiplayer
8500,RPG
8500,Strategy
8500,Free To Play
851850,Action
851850,RPG
858820,Action
858820,Adventure
858820,Indie
858820,RPG
863550,Action
868270,Action
868270,Free To Play
868270,Massively Multiplayer
870780,Action
870780,Adventure
871720,Action
871720,Free To Play
871720,Indie
872790,Simulation
872790,Sports
880940,Action
880940,Casual
880940,Indie
881020,Action
881020,Adventure
881020,RPG
881100,Action
881100,Adventure
881100,Indie
881100,RPG
881100,Simulation
883710,Action
884660,Action
884660,Massively Multiplayer
884660,Free To Play
8850,Action
8870,Action
892970,Action
892970,Adventure
892970,Indie
892970,RPG
892970,Early Access
8930,Strategy
893520,Action
893520,Adventure
893520,Casual
893520,Massively Multiplayer
8980,Action
8980,RPG
899440,Action
899770,Action
899770,Adventure
899770,Indie
899770,RPG
9010,Action
901583,Action
901583,Adventure
905370,Action
905370,Massively Multiplayer
905370,Strategy
905370,Free To Play
918570,Action
918570,Indie
918570,Racing
918570,Free To Play
920210,Action
920210,Adventure
921630,Casual
921630,Indie
921630,Racing
924970,Action
933110,Strategy
933110,Free To Play
9340,Action
9340,Strategy
939960,Action
939960,Adventure
942970,Indie
942970,RPG
942970,Simulation
945360,Casual
9480,Action
949230,Simulation
952060,Action
955050,Action
955050,Adventure
955050,Indie
96000,Adventure
96000,Casual
96000,Indie
960090,Strategy
96100,Action
96100,Casual
96100,Indie
961200,Action
961200,Strategy
961200,Free To Play
962130,Action
962130,Adventure
967050,Action
967050,Adventure
967050,Casual
967050,Indie
967050,Strategy
972660,Adventure
972660,Indie
972660,Simulation
975370,Indie
975370,Simulation
975370,Strategy
976310,Action
976730,Action
977950,Indie
979690,Action
979690,Adventure
979690,Indie
979690,RPG
9900,Massively Multiplayer
9900,RPG
9900,Free To Play
990080,Action
990080,Adventure
990080,RPG
993090,Utilities
996580,Action
996580,Adventure
99900,Action
99900,Adventure
99900,Casual
99900,Free To Play
99900,Indie
99900,Massively Multiplayer
99900,RPG
